A1;An Experience Report on Teaching Scrum Principles in a Playful Way through Distant Collaboration with Online Whiteboards;2022;Kiev Gama, Higor Oliveira;UFPE,UFPE,;PE,PE,;Processo de Desenvolvimento;https://doi.org/10.6084/m9.figshare.20380125.v2
A2;A Syllabus Proposal for Teaching of Software Development Process in Undergraduate Courses in Computer Science;2022;José A S Quaresma, Sandro R B Oliveira;UFPA,UFPA,;PA,PA,;Processo de Desenvolvimento;Não disponibiliza link. 
A3;Using Real Worked Examples to Aid Software Engineering Teaching;2021;Simone de França Tonhão, Thelma Elita Colanzi, Igor Steinmacher;UEM,UEM,UTFPR,;PR,PR,PR,;Processo de Desenvolvimento;"https://bityli.com/aFEGW
https://bityli.com/JIiyg
https://github.com/eclipse/jgit
https://bityli.com/4SHnu
https://github.com/apache/dubbo
https://bityli.com/OnFCj
https://github.com/nus-cs2103-AY1718S1/addressbook-level2
https://figshare.com/s/13bb48a750d9de5490ac"
A4;Gamifying Flipped Classes: An Experience Report in Software Engineering Remote Teaching;2021;Mayara Olivindo, Nécio Veras, Windson Viana, Mariela Cortés, Lincoln Rocha;IFC,IFC,UFC,UECE,UFC,;CE,CE,CE,CE,CE,;Análise / Projeto / Modelagem;http://nupreds.ifce.edu.br/necio/gamifying.html
A5;Evaluation of the application of gamification in the discipline of Software Engineering in times of pandemic;2021;Vitor Castro, Adam Santos;Unifesspa,Unifesspa,;PA,PA,;Análise / Projeto / Modelagem;O artigo não fornece acesso direto à abordagem específica de gamificação utilizada no estudo.
A6;A Preliminary Guide for Assertive Selection of Active Methodologies in Software Engineering Education;2021;José Vinícius Vieira Lima, Fernanda Maria R. de Alencar, Wylliams Barbosa Santos;UPE,UFPE,UPE,;PE,PE,PE,;Processo de Desenvolvimento;"1https://bit.ly/GuiadeSelecaodeMetodologiasAtivasV1
2https://estiloaprendizagemkolb.github.io/"
A7;Do We Use FLOSS in Software Engineering Education? Mapping the Profiles and Practices of Higher Education Teachers from Brazil;2020;Fernanda Gomes Silva, Paulo Ezequiel Dias dos Santos, Christina von Flach G. Chavez;UFBA,UFBA,UNIT;BA,BA,SE,;Teste;https://floss2020.github.io/Instrumento/index.html https://floss2020.github.io/Instrumento/validarInst.html                                                      
A8;Teaching Exploratory Tests through PBL and JiTT: an experience report in a context of distributed teams;2021;Jarbele C. S. Coutinho, Wilkerson L. Andrade, Patrícia D. L. Machado;UFERSA,UFCG,UFCG,;RN,PB,PB,;Processo de Desenvolvimento;https://www.getxray.app/exploratory-testing-app/ https://cutt.ly/Ym5vEk2 https://url.gratis/oKDzKc
A9;An Online Educational Hackathon to Foster Professional Skills and Intense Collaboration on Software Engineering Students;2021;Caio Steglich, Sabrina Marczak, Luiz Guerra, Cássio Trindade, Alessandra Dutra, Ana Paula Bacelo;PUCRS,PUCRS,PUCRS,PUCRS,PUCRS,PUCRS,;RS,RS,RS,RS,RS,RS,;Processo de Desenvolvimento;Não disponibiliza link.
A10;Teaching UML Models with FLOSS Projects: A Study Carried out during the Period of Social Isolation Imposed by the COVID-19 Pandemic;2020;Fernanda Gomes Silva, Nádia da Luz Lopes, Christina von Flach G. Chavez, Moara Sousa Brito Lessa;UFBA,UFBA,UNIT,UFBA,;BA,BA,PE,BA,;Análise / Projeto / Modelagem;"https://www.flipsnack.com/nayfts/roteiro-de-aprendizagem-ftul4i5jd.html?p=1
http://191.252.92.63/flosssearch/
https://floss2020.github.io/projeto/formAmb.html
https://floss2020.github.io/projeto/QuestMetFlossPage.html                                                                       https://trello.com/b/0wcZirra/grupo-a-pojeto-x"
A11;Testing Education: A Survey on a Global Scale;2020;Silvana M. Melo, Veronica X. S. Moreira, Leo Natan Paschoal, Simone R. S. Souza;UFGD,USP,;MS,SP,;Teste;Disponibiliza o link https://docs.google.com/forms/d/e/1FAIpQLSeoiGkSkn9rplz6gEnqdv58_qhMdKTHxnqmCWsZRuC6Mal0Hw/viewform?usp=send_form , mas o acesso não está disponível
A12;Evaluating the Impact of Software Testing Education through the Flipped Classroom Model in Deriving Test Requirements;2020;Leo Natan Paschoal, Myke M. Oliveira, Silvana M. Melo, Ellen F. Barbosa, Simone R. S. Souza;USP,USP,UFGD,USP,USP,;SP,SP,MS,SP,SP,;Teste;https://zenodo.org/records/3997923 - material do experimento. Esse link não contém artefatos da abordagem em sii.
A13;Teaching Development of Distributed Software during COVID-19: An Experience Report in Brazil;2020;Fernando Trinta, Paulo A. L. Rego, Windson Viana;UFC,UFC,UFC,;CE,CE,CE,;Análise / Projeto / Modelagem;https://docs.google.com/forms/d/e/1FAIpQLSf_qbZMHJShW2jSysAPPufOFKD50oodx3RgzpJkCIV2BaxWTQ/viewform , formulário de avaliação da disciplina de DS. Demais links disponibilizados, não funcionam. 
A14;Hackathons as a Pedagogical Strategy to Engage Students to Learn and to Adopt Software Engineering Practices;2020;Caio Steglich, Larissa Salerno, Thaís Fernandes, Sabrina Marczak, Alessandra Dutra, Ana Paula Bacelo, Cássio Trindade;PUCRS,PUCRS,PUCRS,PUCRS,PUCRS,PUCRS,PUCRS,;RS,RS,RS,RS,RS,RS,RS,;Processo de Desenvolvimento;Não disponibiliza link.
A15;Stimulating the Development of Soft Skills in Software Engineering Education through Design Thinking;2020;Anna B. Marques, Bruna Ferreira, Adriana Lopes, Williamson Silva;UFC,PUC-Rio,UFAM,Unespar,;CE,RJ,AM,PR,;Análise / Projeto / Modelagem;"Dados da análise qualitativa do experimento.
https://doi.org/10.6084/m9.figshare.12847460.v2 "
A16;Assessing a Multidisciplinary Group of Undergraduate Students Applying the Challenge Based Learning Methodology to Learn Mobile Development;2020;Andrew Diniz da Costa, Hendi Lemos Coelho, Ricardo Almeida Venieris, Carlos José Pereira de Lucena, Gustavo Robichez Carvalho, Marcelo Fernandes Pereira;PUC-Rio,PUC-Rio,PUC-Rio,PUC-Rio,PUC-Rio,PUC-Rio,;RJ,RJ,RJ,RJ,RJ,RJ,;Processo de Desenvolvimento;Tem apenas o link para a gravação da apresentação do artigo: https://zenodo.org/records/4081637 
A17;LEARN Board Game: A Game for Teaching Software Architecture Created through Design Science Research;2020;Tamires A. S. Sousa, Anna B. S. Marques;UFC,UFC,;CE,CE,;Análise / Projeto / Modelagem;gamificação: abordagem física, porém está totalmente descrita teorica/grafica mente e disponível em https://figshare.com/articles/preprint/LEARN_Board_Game/12774773/2
A18;Gamification in Remote Teaching of SE Courses: Experience Report;2020;Valéria Lelli, Rossana M. C. Andrade, Lavinia M. Freitas, Rubens A. S. Silva, Francisco Gutenberg S. Filho, Renata Faria Gomes, Jan Sousa de Oliveira Severo;UFC,UFC,UFC,UFC,UFC,UFC,UFC,;CE,CE,CE,CE,CE,CE,CE,;Processo de Desenvolvimento;gamificação: https://www.classcraft.com/pt/
A19;Identifying Improvement Opportunities in Software Engineering Education at the Maranhão State: Listening to Voices from Academy and Industry;2020;Yandson Costa, Dayanne Gomes, Sebastião Santos, Nathasha Pinto, Davi Viana, Geraldo Braz Júnior, Luis Rivero;UFMA,UFMA,UFMA,UFMA,UFMA,UFMA,UFMA,;MA,MA,MA,MA,MA,MA,MA,;Processo de Desenvolvimento;Não há abordagem.
A20;An Experience Report on the use of Problem-based learning and Design Thinking in a Requirements Engineering Postgraduate Course;2023;Anderson Felipe Souza, Natasha Valentim, Tayana Conte;UFAM,UFAM,UFAM,;AM,AM,AM,;Requisitos;abordagem teórica: design thinking
A21;Crossed Teams: Leveraging Student Interaction in Software Engineering Practice;2023;Marcelo de Almeida Maia;UFMG,;MG,;Processo de Desenvolvimento;abordagem teórica: equipes cruzadas.
A22;Empowering Technical Skills and Soft Skills in Software Engineering Students through Problem-Based Learning;2023;Ana Carolina Oran, Rayfran Rocha Lima, Bruno Gadelha, Nayane Maia, Williamson Silva, Luis Rivero;UFAM,Sidia,UFAM,UFAM,Unipampa,UFMA,;AM,AM,AM,AM,RS,MA,;Teste;abordagem teórica: Aprendizagem baseada em projetos
A23;Students’ Perception of Example-Based Learning in Software Modeling Education;2023;Tiago P. Bonetti, Matheus M. Dias, Williamson Silva, Thelma E. Colanzi;UEM,UEM,Unipampa,UEM,;PR,PR,RS,PR,;Análise / Projeto / Modelagem;abordagem teórica: Aprendizagem baseada em exemplos, porém o professor compartilha seu método https://figshare.com/s/bca90461729ec4ed3c6b  e o estudo https://tpipernob.github.io/example-basedLearning/
A24;Teaching and Promoting Engagement with OSS: Yet Another Experience Report;2023;Cristina Von Flach, Daniela Feitosa;UFBA,UFBA;BA,BA,;Gerência de Projetos;abordagem prática: github e open-source. A professora compartilha todos os materiais que passou aos alunos, mas os mais importantes são a sua ementa https://github.com/mate28-ic-ufba/turma-20212/blob/main/README.md e seus artefatos https://zenodo.org/records/8252922
A25;Training the Professionals that Industry Needs: The Digital Software Engineering Professional Education Program at PUC-Rio;2023;Marcos Kalinowski, Tatiana Escovedo, Fernanda Pina, Adriana Vidal, Ariane Pereira, Ricardo Ponsirenas, Daiana Garibaldi Rocha;PUC-Rio,PUC-Rio,PUC-Rio,PUC-Rio,Maisaedu,Maisaedu,;RJ,RJ,RJ,RJ,RS,RS,;Processo de Desenvolvimento;abordagem teórica: design thinking
A26;Undergraduates' perspective on a pedagogical architecture to requirements engineering education;2023;Thalia S. Santana, Taciana N. Kudo, Renato F. Bulcao-Neto;UFG,UFG,UFG,;GO,GO,GO,;Requisitos;abordagem teórica: arquitetura pedagógica, são usadas ferramentas como o Trello e o Planilhas, mas os artefatos são disponibilizados https://drive.google.com/drive/folders/1chOtC9Ai_GOZGHRrsxPmB6rYFwu8tdUs
A27;l10n-trainer: a Tool to Assist in the Training of Localization (l10n) and Internationalization (i18n) Testers;2023;Maria Couto, Breno Miranda;UFPE,UFPE,;PE,PE,;Manutenção;Acesso à ferramenta: github -  https://raquelcouto.github.io/L10N-TRAINER/ , vídeo explicação - https://www.youtube.com/watch?v=4oiUf70gcdI
A28;Reinforcing Software Engineering Learning through Provenance;2014;Troy C. Kohwalter, Esteban W. G. Clua, Leonardo G. P. Murta;UFF,UFF,UFF,;RJ,RJ,RJ,;Processo de Desenvolvimento;http://gems.ic.uff.br/ping
A29;2TScrum': A Board Game to Teach Scrum;2017;A. Brito, J. Vieira;UFC,UFC,;CE,CE,;Processo de Desenvolvimento;"o artigo não fornece um link de acesso direto para o jogo ""2TScrum"". Ele menciona que o jogo é físico, um jogo de tabuleiro, e não um jogo digital."
A30;Testing Game: An Educational Game to Support Software Testing Education;2017;Pedro Henrique Dias Valle, Rafaela Vilela Rocha, José Carlos Maldonado;USP,USP,USP,;SP,SP,SP,;Teste;https://bitbucket.org/pedrohdvalle/testinggamehtml5
A31;Gamification applied for Software Engineering teaching-learning process.;2017;Fabrício de Sousa Pinto, Paulo Caetano Silva;FTC,Unifacs,;BA,BA,;Análise / Projeto / Modelagem;"http://www.incremental.com.br/ilhadosrequisitos
http://www.inf.furb.br/~fabiane/serpg2
http://www.incremental.com.br/utest/
https://sistemas.quixada.ufc.br/iTestLearning
http://www.itaz.com.br/islandtest/"
A32;PBL Integration into a Software Engineering Undergraduate Degree Program Curriculum: An Analysis of the Students' Perceptions;2017;G. T. A. Guedes, A. S. Bordin, A. V. Mello, A. M. Melo;Unipampa,Unipampa,Unipampa,Unipampa,;RS,RS,RS,RS,;Análise / Projeto / Modelagem;O artigo não fornece um link específico para o acesso à abordagem proposta. O curso de ES na Unipampa é presencial e a integração da PBL no currículo é específica da instituição.
A33;As a teacher, I want to know what to teach in requirements engineering so that professionals can be better prepared;2017;Fabiane Barreto Vavassori Benitti;UFSC,;SC,;Requisitos;O artigo não fornece um link específico para a abordagem proposta. A pesquisa se baseia na análise de documentos e dados coletados através do survey com empresas.
A34;Problem-Based Learning to Align Theory and Practice in Software Testing Teaching;2017;Jean Felipe P. Cheiran, Elder de M. Rodrigues, Ewerson Luiz de S. Carvalho, Joao Pablo S. da Silva;Unipampa,Unipampa,Unipampa,Unipampa,;RS,RS,RS,RS,;Teste;O artigo não fornece um link para acessar a abordagem proposta.
A35;Teaching Software Development for the Cloud: An Experience Report;2017;Fernando Antonio Mota Trinta, Emanuele Santos;UFC,UFC,;CE,CE,;Processo de Desenvolvimento;O artigo não fornece um link específico para acessar a abordagem proposta
A36;Retrospective for the Last 10 years of Teaching Software Engineering in UFC's Computer Department;2017;Rossana M. de Castro Andrade, Ismayle de Sousa Santos, Italo Linhares de Araujo, Bruno Saboia Aragão, Fernanda Siewerdt§;UFC,UFC,UFC,UFC,UFC,;CE,CE,CE,CE,CE,;Processo de Desenvolvimento;O artigo não fornece um link para acessar a abordagem proposta
A37;AGES: An Interdisciplinary Space Based on Projects for Software Engineering Learning.;2017;Marcelo H. Yamaguti, Flávio M. de Oliveira, Cássio A.W. Trindade, Alessandra C. S. Dutra;PUCRS,PUCRS,PUCRS,PUCRS,;RS,RS,RS,RS,;Análise / Projeto / Modelagem;http://ages.pucrs.br
A38;A Reference Model for Teaching Collaborative Mobile Systems;2017;Bruno Gadelha, Alberto Castro;UFAM,;AM,;Análise / Projeto / Modelagem;Não disponibiliza link.
A39;An experience report on teaching multiple design thinking techniques to software engineering students;2018;Anderson Felipe Souza, Bruna Ferreira, Natasha Valentim, Tayana Conte;UFAM,UFPR,UFAM,;AM,PR,AM,;Processo de Desenvolvimento;Não disponibiliza link.
A40;Identifying emerging topics and difficulties in software engineering education in Brazil;2018;Thaís Ferreira, Davi Viana, Juliana Fernandes, Rodrigo Santos;UNIRIO,UFMA,IFPI,UNIRIO,;RJ,MA,PI,RJ,;Requisitos;Não disponibiliza link.
A41;When students become contributors: leveraging OSS contributions in software engineering courses;2018;Clarice Ferreira, Cleice Souza, Gustavo Pinto, Igor Steinmacher, Paulo Meirelles;UFPA,IFPA,UFPA,UTFPR,Unifesp,;PA,PA,PA,PR,SP,;Processo de Desenvolvimento;Não disponibiliza link.
A42;Software maintenance: what do we teach and what does the industry practice?;2018;Andréa Sabedra Bordin, Fabiane Barreto Vavassori Benitti;Unipampa,UFSC,;RS,SC,;Manutenção;Não disponibiliza link.
A43;Software creation workshop: a capstone course for business-oriented software engineering teaching;2018;Sofia Costa Paiva, Dárlinton Barbosa Feres Carvalho;UFSJ,UFSJ,;MG,MG,;Análise / Projeto / Modelagem;Não disponibiliza acesso à material suplementar com artefatos sobre a execução da abordagem. 
A44;TBL as an active learning-teaching methodology for software engineering courses;2018;Cristiane Soares Ramos, Ricardo Ajax Dias Kosloski, Elaine Venson, Rejane M. da Costa Figueiredo, Victor Hugo A. Deon;UnB,UnB,UnB,UnB,UnB,;DF,DF,DF,DF,DF,;Requisitos;Não disponibiliza acesso à material suplementar com artefatos sobre a execução da abordagem. 
A45;GreaTest: a card game to motivate the software testing learning;2018;Thiago A. Beppe, Ítalo Linhares de Araújo, Bruno Sabóia Aragão, Ismayle de Sousa Santos , Davi Ximenes, Rossana M. Castro Andrade;UFC,UFC,UFC,UFC,UFC,UECE,UFC,;CE,CE,CE,CE,CE,CE,CE,;Teste;https://great-ufc.github.io/GREaTest_Site/   (encontrado no Google)
A46;What are the differences between group and individual modeling when learning UML?;2018;Williamson Silva, Bruno Gadelha, Igor Steinmacher, Tayana Conte;UFAM,UTFPR,UFAM,;AM,PR,AM,;Análise / Projeto / Modelagem;Não disponibiliza acesso à material suplementar com artefatos sobre a execução da abordagem. 
A47;Non-conventional dynamics in a software engineering course: practical and ludic activities;2018;Lis Ângela De Bortoli;IFRS,;RS,;Análise / Projeto / Modelagem;Não disponibiliza acesso à material suplementar com artefatos sobre a execução da abordagem. 
A48;Supporting to the teaching and learning process in object orientation during the construction of class diagrams;2018;Cláudio Marcio Felisbino, Adolfo Gustavo Serra Seca Neto, Laudelino Cordeiro Bastos;UP,UFPR,UTFPR,;PR,PR,PR,;Análise / Projeto / Modelagem;https://drive.google.com/drive/folders/1gpidgsrrzVAa5Bva38v3EHBKK-EjLe-2 - Esse link não contém artefatos da abordagem em si, mas dos dados brutos do Experimento. Não disponibiliza acesso à material suplementar com artefatos sobre a execução da abordage
